{"metrics/precision(B)": 0.9389175518978361, "metrics/recall(B)": 0.9359838274932615, "metrics/mAP50(B)": 0.9732442283770718, "metrics/mAP50-95(B)": 0.7565953293593026, "fitness": 0.7782602192610796}